 description: 2/6/15, http://fp.optics.arizona.edu/Nofziger/OPTI%20202L/MG%20Gradient-Index_lenses.pdf
 N_LENS_CORE, ANGLE (rad), SQRTA, A0, PITCH (um), LENS_DIA (um), LENS_HEIGHT (um), PDMS_CHAN_LENS (um), PDMS_LENS_DET (um), DET_RAD (um), BASENUMBEROFRAYS, NUMBEROFRAYS,  BASEFLUXDETECTED, FLUXDETECTED    
 2.1           , .01543561293, .000294 , 0    , 21360.54, 50          , 53.40136054421, 20                , 20               , 31.25     , 13                  , 113            , 1.30000000000000004, 11.3              
 2.1           , .01708433106, .0003254, 0    , 19299.32, 50          , 48.24830977258, 20                , 20               , 31.25     , 16                  , 103            , 1.60000000000000008, 10.3              
 2.1           , .01873309564, .0003568, 0    , 17600.89, 50          , 44.00224215246, 20                , 20               , 31.25     , 17                  , 97             , 1.69999999999999995, 9.699999          
 2.1           , .02038191115, .0003882, 0    , 16177.22, 50          , 40.44307058217, 20                , 20               , 31.25     , 16                  , 96             , 1.60000000000000008, 9.5999990000000003
 2.1           , .02203078208, .0004196, 0    , 14966.63, 50          , 37.41658722592, 20                , 20               , 31.25     , 18                  , 95             , 1.80000000000000004, 9.4999990000000007
 2.1           , .02367971292, .000451 , 0    , 13924.61, 50          , 34.81152993348, 20                , 20               , 31.25     , 20                  , 89             , 2                  , 8.8999989999999993
 2.1           , .02532870815, .0004824, 0    , 13018.24, 50          , 32.54560530679, 20                , 20               , 31.25     , 24                  , 100            , 2.39999999999999991, 9.9999990000000007
 2.1           , .02697777228, .0005138, 0    , 12222.65, 50          , 30.55663682366, 20                , 20               , 31.25     , 22                  , 92             , 2.20000000000000017, 9.199999          
 2.1           , .02862690979, .0005452, 0    , 11518.7 , 50          , 28.79677182685, 20                , 20               , 31.25     , 25                  , 98             , 2.5                , 9.7999989999999996
 2.1           , .03027612519, .0005766, 0    , 10891.43, 50          , 27.22858133888, 20                , 20               , 31.25     , 25                  , 82             , 2.5                , 8.1999999999999992
 2.1           , .03192542296, .000608 , 0    , 10328.94, 50          , 25.82236842105, 20                , 20               , 31.25     , 25                  , 95             , 2.5                , 9.4999990000000007
 2.1           , .03027612519, .0005766, 0    , 10891.43, 50          , 27.22858133888, 20                , 20               , 31.25     , 25                  , 82             , 2.5                , 8.1999999999999992
 EM_WAVE,.59       ,AIR_GAP, 2          
          
 description: 2/6/15, http://fp.optics.arizona.edu/Nofziger/OPTI%20202L/MG%20Gradient-Index_lenses.pdf
 N_LENS_CORE, ANGLE (rad), SQRTA, A0, PITCH (um), LENS_DIA (um), LENS_HEIGHT (um), PDMS_CHAN_LENS (um), PDMS_LENS_DET (um), DET_RAD (um), BASENUMBEROFRAYS, NUMBEROFRAYS,  BASEFLUXDETECTED, FLUXDETECTED    
 2.1           , .01543561293, .000294 , 0    , 21360.54, 50          , 53.40136054421, 20                , 20               , 31.25     , 0                   , 12             , 0                  , 12                
 2.1           , .01708433106, .0003254, 0    , 19299.32, 50          , 48.24830977258, 20                , 20               , 31.25     , 1                   , 7              , 1                  , 7                 
 2.1           , .01873309564, .0003568, 0    , 17600.89, 50          , 44.00224215246, 20                , 20               , 31.25     , 1                   , 13             , 1                  , 13                
 2.1           , .02038191115, .0003882, 0    , 16177.22, 50          , 40.44307058217, 20                , 20               , 31.25     , 1                   , 8              , 1                  , 8                 
 2.1           , .02203078208, .0004196, 0    , 14966.63, 50          , 37.41658722592, 20                , 20               , 31.25     , 1                   , 6              , 1                  , 6                 
 2.1           , .02367971292, .000451 , 0    , 13924.61, 50          , 34.81152993348, 20                , 20               , 31.25     , 1                   , 13             , 1                  , 13                
 2.1           , .02532870815, .0004824, 0    , 13018.24, 50          , 32.54560530679, 20                , 20               , 31.25     , 1                   , 6              , 1                  , 6                 
 2.1           , .02697777228, .0005138, 0    , 12222.65, 50          , 30.55663682366, 20                , 20               , 31.25     , 1                   , 12             , 1                  , 12                
 2.1           , .02862690979, .0005452, 0    , 11518.7 , 50          , 28.79677182685, 20                , 20               , 31.25     , 1                   , 15             , 1                  , 15                
 2.1           , .03027612519, .0005766, 0    , 10891.43, 50          , 27.22858133888, 20                , 20               , 31.25     , 1                   , 13             , 1                  , 13                
 2.1           , .03192542296, .000608 , 0    , 10328.94, 50          , 25.82236842105, 20                , 20               , 31.25     , 1                   , 12             , 1                  , 12                
 2.1           , .02203078208, .0004196, 0    , 14966.63, 50          , 37.41658722592, 20                , 20               , 31.25     , 1                   , 6              , 1                  , 6                 
 EM_WAVE,.59       ,AIR_GAP, 2          
          
 description: 2/6/15, http://fp.optics.arizona.edu/Nofziger/OPTI%20202L/MG%20Gradient-Index_lenses.pdf
 N_LENS_CORE, ANGLE (rad), SQRTA, A0, PITCH (um), LENS_DIA (um), LENS_HEIGHT (um), PDMS_CHAN_LENS (um), PDMS_LENS_DET (um), DET_RAD (um), BASENUMBEROFRAYS, NUMBEROFRAYS,  BASEFLUXDETECTED, FLUXDETECTED    
 2.1           , .01543561293, .000294 , 0    , 21360.54, 50          , 213.6054421768, 20                , 20               , 31.25     , 0                   , 11             , 0                  , 11                
 2.1           , .01708433106, .0003254, 0    , 19299.32, 50          , 192.9932390903, 20                , 20               , 31.25     , 0                   , 6              , 0                  , 6                 
 2.1           , .01873309564, .0003568, 0    , 17600.89, 50          , 176.0089686098, 20                , 20               , 31.25     , 0                   , 6              , 0                  , 6                 
 2.1           , .02038191115, .0003882, 0    , 16177.22, 50          , 161.7722823287, 20                , 20               , 31.25     , 0                   , 9              , 0                  , 9                 
 2.1           , .02203078208, .0004196, 0    , 14966.63, 50          , 149.6663489037, 20                , 20               , 31.25     , 0                   , 7              , 0                  , 7                 
 2.1           , .02367971292, .000451 , 0    , 13924.61, 50          , 139.2461197339, 20                , 20               , 31.25     , 0                   , 7              , 0                  , 7                 
 2.1           , .02532870815, .0004824, 0    , 13018.24, 50          , 130.1824212272, 20                , 20               , 31.25     , 0                   , 9              , 0                  , 9                 
 2.1           , .02697777228, .0005138, 0    , 12222.65, 50          , 122.2265472946, 20                , 20               , 31.25     , 0                   , 8              , 0                  , 8                 
 2.1           , .02862690979, .0005452, 0    , 11518.7 , 50          , 115.1870873074, 20                , 20               , 31.25     , 0                   , 8              , 0                  , 8                 
 2.1           , .03027612519, .0005766, 0    , 10891.43, 50          , 108.9143253555, 20                , 20               , 31.25     , 0                   , 7              , 0                  , 7                 
 2.1           , .03192542296, .000608 , 0    , 10328.94, 50          , 103.2894736842, 20                , 20               , 31.25     , 0                   , 8              , 0                  , 8                 
 2.1           , .01708433106, .0003254, 0    , 19299.32, 50          , 192.9932390903, 20                , 20               , 31.25     , 0                   , 6              , 0                  , 6                 
 EM_WAVE,.59       ,AIR_GAP, 2          
          
 description: 2/6/15, http://fp.optics.arizona.edu/Nofziger/OPTI%20202L/MG%20Gradient-Index_lenses.pdf
 N_LENS_CORE, ANGLE (rad), SQRTA, A0, PITCH (um), LENS_DIA (um), LENS_HEIGHT (um), PDMS_CHAN_LENS (um), PDMS_LENS_DET (um), DET_RAD (um), BASENUMBEROFRAYS, NUMBEROFRAYS,  BASEFLUXDETECTED, FLUXDETECTED    
 2.1           , .01543561293, .000294 , 0    , 21360.54, 50          , 534.0136054421, 20                , 20               , 31.25     , 0                   , 11             , 0                  , 11                
 2.1           , .01708433106, .0003254, 0    , 19299.32, 50          , 482.4830977258, 20                , 20               , 31.25     , 0                   , 6              , 0                  , 6                 
 2.1           , .01873309564, .0003568, 0    , 17600.89, 50          , 440.0224215246, 20                , 20               , 31.25     , 0                   , 10             , 0                  , 10                
 2.1           , .02038191115, .0003882, 0    , 16177.22, 50          , 404.4307058217, 20                , 20               , 31.25     , 0                   , 10             , 0                  , 10                
 2.1           , .02203078208, .0004196, 0    , 14966.63, 50          , 374.1658722592, 20                , 20               , 31.25     , 0                   , 8              , 0                  , 8                 
 2.1           , .02367971292, .000451 , 0    , 13924.61, 50          , 348.1152993348, 20                , 20               , 31.25     , 0                   , 9              , 0                  , 9                 
 2.1           , .02532870815, .0004824, 0    , 13018.24, 50          , 325.4560530679, 20                , 20               , 31.25     , 0                   , 9              , 0                  , 9                 
 2.1           , .02697777228, .0005138, 0    , 12222.65, 50          , 305.5663682366, 20                , 20               , 31.25     , 0                   , 7              , 0                  , 7                 
 2.1           , .02862690979, .0005452, 0    , 11518.7 , 50          , 287.9677182685, 20                , 20               , 31.25     , 0                   , 7              , 0                  , 7                 
 2.1           , .03027612519, .0005766, 0    , 10891.43, 50          , 272.2858133888, 20                , 20               , 31.25     , 0                   , 7              , 0                  , 7                 
 2.1           , .03192542296, .000608 , 0    , 10328.94, 50          , 258.2236842105, 20                , 20               , 31.25     , 0                   , 8              , 0                  , 8                 
 2.1           , .01708433106, .0003254, 0    , 19299.32, 50          , 482.4830977258, 20                , 20               , 31.25     , 0                   , 6              , 0                  , 6                 
 EM_WAVE,.59       ,AIR_GAP, 2          
          
 description: 2/6/15, http://fp.optics.arizona.edu/Nofziger/OPTI%20202L/MG%20Gradient-Index_lenses.pdf
 N_LENS_CORE, ANGLE (rad), SQRTA, A0, PITCH (um), LENS_DIA (um), LENS_HEIGHT (um), PDMS_CHAN_LENS (um), PDMS_LENS_DET (um), DET_RAD (um), BASENUMBEROFRAYS, NUMBEROFRAYS,  BASEFLUXDETECTED, FLUXDETECTED    
 2.1           , .01543561293, .000294 , 0    , 21360.54, 50          , 534.0136054421, 20                , 20               , 18.75     , 0                   , 9              , 0                  , 9                 
 2.1           , .01708433106, .0003254, 0    , 19299.32, 50          , 482.4830977258, 20                , 20               , 18.75     , 0                   , 5              , 0                  , 5                 
 2.1           , .01873309564, .0003568, 0    , 17600.89, 50          , 440.0224215246, 20                , 20               , 18.75     , 0                   , 6              , 0                  , 6                 
 2.1           , .02038191115, .0003882, 0    , 16177.22, 50          , 404.4307058217, 20                , 20               , 18.75     , 0                   , 7              , 0                  , 7                 
 2.1           , .02203078208, .0004196, 0    , 14966.63, 50          , 374.1658722592, 20                , 20               , 18.75     , 0                   , 5              , 0                  , 5                 
 2.1           , .02367971292, .000451 , 0    , 13924.61, 50          , 348.1152993348, 20                , 20               , 18.75     , 0                   , 5              , 0                  , 5                 
 2.1           , .02532870815, .0004824, 0    , 13018.24, 50          , 325.4560530679, 20                , 20               , 18.75     , 0                   , 8              , 0                  , 8                 
 2.1           , .02697777228, .0005138, 0    , 12222.65, 50          , 305.5663682366, 20                , 20               , 18.75     , 0                   , 5              , 0                  , 5                 
 2.1           , .02862690979, .0005452, 0    , 11518.7 , 50          , 287.9677182685, 20                , 20               , 18.75     , 0                   , 6              , 0                  , 6                 
 2.1           , .03027612519, .0005766, 0    , 10891.43, 50          , 272.2858133888, 20                , 20               , 18.75     , 0                   , 6              , 0                  , 6                 
 2.1           , .03192542296, .000608 , 0    , 10328.94, 50          , 258.2236842105, 20                , 20               , 18.75     , 0                   , 7              , 0                  , 7                 
 2.1           , .01708433106, .0003254, 0    , 19299.32, 50          , 482.4830977258, 20                , 20               , 18.75     , 0                   , 5              , 0                  , 5                 
 EM_WAVE,.59       ,AIR_GAP, 2          
          
 description: 2/6/15, http://fp.optics.arizona.edu/Nofziger/OPTI%20202L/MG%20Gradient-Index_lenses.pdf
 N_LENS_CORE, ANGLE (rad), SQRTA, A0, PITCH (um), LENS_DIA (um), LENS_HEIGHT (um), PDMS_CHAN_LENS (um), PDMS_LENS_DET (um), DET_RAD (um), BASENUMBEROFRAYS, NUMBEROFRAYS,  BASEFLUXDETECTED, FLUXDETECTED    
 2.1           , .01543561293, .000294 , 0    , 21360.54, 50          , 53.40136054421, 0                 , 2                , 18.75     , 0                   , 3              , 0                  , 3                 
 2.1           , .01708433106, .0003254, 0    , 19299.32, 50          , 48.24830977258, 0                 , 2                , 18.75     , 1                   , 4              , 1                  , 4                 
 2.1           , .01873309564, .0003568, 0    , 17600.89, 50          , 44.00224215246, 0                 , 2                , 18.75     , 1                   , 4              , 1                  , 4                 
 2.1           , .02038191115, .0003882, 0    , 16177.22, 50          , 40.44307058217, 0                 , 2                , 18.75     , 1                   , 0              , 1                  , 0                 
 2.1           , .02203078208, .0004196, 0    , 14966.63, 50          , 37.41658722592, 0                 , 2                , 18.75     , 1                   , 2              , 1                  , 2                 
 2.1           , .02367971292, .000451 , 0    , 13924.61, 50          , 34.81152993348, 0                 , 2                , 18.75     , 1                   , 5              , 1                  , 5                 
 2.1           , .02532870815, .0004824, 0    , 13018.24, 50          , 32.54560530679, 0                 , 2                , 18.75     , 1                   , 5              , 1                  , 5                 
 2.1           , .02697777228, .0005138, 0    , 12222.65, 50          , 30.55663682366, 0                 , 2                , 18.75     , 1                   , 1              , 1                  , 1                 
 2.1           , .02862690979, .0005452, 0    , 11518.7 , 50          , 28.79677182685, 0                 , 2                , 18.75     , 1                   , 5              , 1                  , 5                 
 2.1           , .03027612519, .0005766, 0    , 10891.43, 50          , 27.22858133888, 0                 , 2                , 18.75     , 1                   , 6              , 1                  , 6                 
 2.1           , .03192542296, .000608 , 0    , 10328.94, 50          , 25.82236842105, 0                 , 2                , 18.75     , 1                   , 3              , 1                  , 3                 
 2.1           , .02038191115, .0003882, 0    , 16177.22, 50          , 40.44307058217, 0                 , 2                , 18.75     , 1                   , 0              , 1                  , 0                 
 EM_WAVE,.59       ,AIR_GAP, 2          
          
 description: 2/6/15, http://fp.optics.arizona.edu/Nofziger/OPTI%20202L/MG%20Gradient-Index_lenses.pdf
 N_LENS_CORE, ANGLE (rad), SQRTA, A0, PITCH (um), LENS_DIA (um), LENS_HEIGHT (um), PDMS_CHAN_LENS (um), PDMS_LENS_DET (um), DET_RAD (um), BASENUMBEROFRAYS, NUMBEROFRAYS,  BASEFLUXDETECTED, FLUXDETECTED    
 2.1           , .01543561293, .000294 , 0    , 21360.54, 50          , 53.40136054421, 0                 , 20               , 18.75     , 0                   , 1              , 0                  , 1                 
 2.1           , .01708433106, .0003254, 0    , 19299.32, 50          , 48.24830977258, 0                 , 20               , 18.75     , 0                   , 1              , 0                  , 1                 
 2.1           , .01873309564, .0003568, 0    , 17600.89, 50          , 44.00224215246, 0                 , 20               , 18.75     , 0                   , 1              , 0                  , 1                 
 2.1           , .02038191115, .0003882, 0    , 16177.22, 50          , 40.44307058217, 0                 , 20               , 18.75     , 0                   , 2              , 0                  , 2                 
 2.1           , .02203078208, .0004196, 0    , 14966.63, 50          , 37.41658722592, 0                 , 20               , 18.75     , 0                   , 1              , 0                  , 1                 
 2.1           , .02367971292, .000451 , 0    , 13924.61, 50          , 34.81152993348, 0                 , 20               , 18.75     , 0                   , 0              , 0                  , 0                 
 2.1           , .02532870815, .0004824, 0    , 13018.24, 50          , 32.54560530679, 0                 , 20               , 18.75     , 1                   , 1              , 1                  , 1                 
 2.1           , .02697777228, .0005138, 0    , 12222.65, 50          , 30.55663682366, 0                 , 20               , 18.75     , 1                   , 2              , 1                  , 2                 
 2.1           , .02862690979, .0005452, 0    , 11518.7 , 50          , 28.79677182685, 0                 , 20               , 18.75     , 1                   , 1              , 1                  , 1                 
 2.1           , .03027612519, .0005766, 0    , 10891.43, 50          , 27.22858133888, 0                 , 20               , 18.75     , 1                   , 0              , 1                  , 0                 
 2.1           , .03192542296, .000608 , 0    , 10328.94, 50          , 25.82236842105, 0                 , 20               , 18.75     , 1                   , 4              , 1                  , 4                 
 2.1           , .02367971292, .000451 , 0    , 13924.61, 50          , 34.81152993348, 0                 , 20               , 18.75     , 0                   , 0              , 0                  , 0                 
 EM_WAVE,.59       ,AIR_GAP, 2          
          
 description: 2/6/15, http://fp.optics.arizona.edu/Nofziger/OPTI%20202L/MG%20Gradient-Index_lenses.pdf
 N_LENS_CORE, ANGLE (rad), SQRTA, A0, PITCH (um), LENS_DIA (um), LENS_HEIGHT (um), PDMS_CHAN_LENS (um), PDMS_LENS_DET (um), DET_RAD (um), BASENUMBEROFRAYS, NUMBEROFRAYS,  BASEFLUXDETECTED, FLUXDETECTED    
 2.1           , .00771757661, .000294 , 0    , 21360.54, 25          , 53.40136054421, 0                 , 20               , 9.375     , 0                   , 0              , 0                  , 0                 
 2.1           , .00854185387, .0003254, 0    , 19299.32, 25          , 48.24830977258, 0                 , 20               , 9.375     , 0                   , 0              , 0                  , 0                 
 2.1           , .00936613693, .0003568, 0    , 17600.89, 25          , 44.00224215246, 0                 , 20               , 9.375     , 0                   , 1              , 0                  , 1                 
 2.1           , .01019042637, .0003882, 0    , 16177.22, 25          , 40.44307058217, 0                 , 20               , 9.375     , 0                   , 2              , 0                  , 2                 
 2.1           , .01101472272, .0004196, 0    , 14966.63, 25          , 37.41658722592, 0                 , 20               , 9.375     , 0                   , 1              , 0                  , 1                 
 2.1           , .01183902656, .000451 , 0    , 13924.61, 25          , 34.81152993348, 0                 , 20               , 9.375     , 0                   , 0              , 0                  , 0                 
 2.1           , .01266333844, .0004824, 0    , 13018.24, 25          , 32.54560530679, 0                 , 20               , 9.375     , 0                   , 0              , 0                  , 0                 
 2.1           , .01348765893, .0005138, 0    , 12222.65, 25          , 30.55663682366, 0                 , 20               , 9.375     , 0                   , 0              , 0                  , 0                 
 2.1           , .01431198859, .0005452, 0    , 11518.7 , 25          , 28.79677182685, 0                 , 20               , 9.375     , 0                   , 0              , 0                  , 0                 
 2.1           , .01513632797, .0005766, 0    , 10891.43, 25          , 27.22858133888, 0                 , 20               , 9.375     , 0                   , 1              , 0                  , 1                 
 2.1           , .01596067763, .000608 , 0    , 10328.94, 25          , 25.82236842105, 0                 , 20               , 9.375     , 0                   , 3              , 0                  , 3                 
 2.1           , .00771757661, .000294 , 0    , 21360.54, 25          , 53.40136054421, 0                 , 20               , 9.375     , 0                   , 0              , 0                  , 0                 
 EM_WAVE,.59       ,AIR_GAP, 2          
          
 description: 2/6/15, http://fp.optics.arizona.edu/Nofziger/OPTI%20202L/MG%20Gradient-Index_lenses.pdf
 N_LENS_CORE, ANGLE (rad), SQRTA, A0, PITCH (um), LENS_DIA (um), LENS_HEIGHT (um), PDMS_CHAN_LENS (um), PDMS_LENS_DET (um), DET_RAD (um), BASENUMBEROFRAYS, NUMBEROFRAYS,  BASEFLUXDETECTED, FLUXDETECTED    
 2.1           , .00771757661, .000294 , 0    , 21360.54, 25          , 160.2040816326, 0                 , 20               , 15.625    , 0                   , 3              , 0                  , 3                 
 2.1           , .00854185387, .0003254, 0    , 19299.32, 25          , 144.7449293177, 0                 , 20               , 15.625    , 0                   , 4              , 0                  , 4                 
 2.1           , .00936613693, .0003568, 0    , 17600.89, 25          , 132.0067264574, 0                 , 20               , 15.625    , 0                   , 3              , 0                  , 3                 
 2.1           , .01019042637, .0003882, 0    , 16177.22, 25          , 121.3292117465, 0                 , 20               , 15.625    , 0                   , 2              , 0                  , 2                 
 2.1           , .01101472272, .0004196, 0    , 14966.63, 25          , 112.2497616777, 0                 , 20               , 15.625    , 0                   , 1              , 0                  , 1                 
 2.1           , .01183902656, .000451 , 0    , 13924.61, 25          , 104.4345898004, 0                 , 20               , 15.625    , 0                   , 1              , 0                  , 1                 
 2.1           , .01266333844, .0004824, 0    , 13018.24, 25          , 97.63681592039, 0                 , 20               , 15.625    , 0                   , 1              , 0                  , 1                 
 2.1           , .01348765893, .0005138, 0    , 12222.65, 25          , 91.669910471  , 0                 , 20               , 15.625    , 0                   , 2              , 0                  , 2                 
 2.1           , .01431198859, .0005452, 0    , 11518.7 , 25          , 86.39031548055, 0                 , 20               , 15.625    , 0                   , 1              , 0                  , 1                 
 2.1           , .01513632797, .0005766, 0    , 10891.43, 25          , 81.68574401664, 0                 , 20               , 15.625    , 0                   , 3              , 0                  , 3                 
 2.1           , .01596067763, .000608 , 0    , 10328.94, 25          , 77.46710526315, 0                 , 20               , 15.625    , 0                   , 1              , 0                  , 1                 
 2.1           , .01101472272, .0004196, 0    , 14966.63, 25          , 112.2497616777, 0                 , 20               , 15.625    , 0                   , 1              , 0                  , 1                 
 EM_WAVE,.59       ,AIR_GAP, 2          
          
 description: 2/6/15, http://fp.optics.arizona.edu/Nofziger/OPTI%20202L/MG%20Gradient-Index_lenses.pdf
 N_LENS_CORE, ANGLE (rad), SQRTA, A0, PITCH (um), LENS_DIA (um), LENS_HEIGHT (um), PDMS_CHAN_LENS (um), PDMS_LENS_DET (um), DET_RAD (um), BASENUMBEROFRAYS, NUMBEROFRAYS,  BASEFLUXDETECTED, FLUXDETECTED    
 2.1           , .00771757661, .000294 , 0    , 21360.54, 25          , 53.40136054421, 0                 , 20               , 15.625    , 0                   , 0              , 0                  , 0                 
 2.1           , .00854185387, .0003254, 0    , 19299.32, 25          , 48.24830977258, 0                 , 20               , 15.625    , 0                   , 1              , 0                  , 1                 
 2.1           , .00936613693, .0003568, 0    , 17600.89, 25          , 44.00224215246, 0                 , 20               , 15.625    , 0                   , 1              , 0                  , 1                 
 2.1           , .01019042637, .0003882, 0    , 16177.22, 25          , 40.44307058217, 0                 , 20               , 15.625    , 0                   , 2              , 0                  , 2                 
 2.1           , .01101472272, .0004196, 0    , 14966.63, 25          , 37.41658722592, 0                 , 20               , 15.625    , 0                   , 1              , 0                  , 1                 
 2.1           , .01183902656, .000451 , 0    , 13924.61, 25          , 34.81152993348, 0                 , 20               , 15.625    , 0                   , 1              , 0                  , 1                 
 2.1           , .01266333844, .0004824, 0    , 13018.24, 25          , 32.54560530679, 0                 , 20               , 15.625    , 0                   , 0              , 0                  , 0                 
 2.1           , .01348765893, .0005138, 0    , 12222.65, 25          , 30.55663682366, 0                 , 20               , 15.625    , 0                   , 0              , 0                  , 0                 
 2.1           , .01431198859, .0005452, 0    , 11518.7 , 25          , 28.79677182685, 0                 , 20               , 15.625    , 0                   , 1              , 0                  , 1                 
 2.1           , .01513632797, .0005766, 0    , 10891.43, 25          , 27.22858133888, 0                 , 20               , 15.625    , 0                   , 2              , 0                  , 2                 
 2.1           , .01596067763, .000608 , 0    , 10328.94, 25          , 25.82236842105, 0                 , 20               , 15.625    , 0                   , 3              , 0                  , 3                 
 2.1           , .00771757661, .000294 , 0    , 21360.54, 25          , 53.40136054421, 0                 , 20               , 15.625    , 0                   , 0              , 0                  , 0                 
 EM_WAVE,.59       ,AIR_GAP, 2          
          
 description: 2/6/15, http://fp.optics.arizona.edu/Nofziger/OPTI%20202L/MG%20Gradient-Index_lenses.pdf
 N_LENS_CORE, ANGLE (rad), SQRTA, A0, PITCH (um), LENS_DIA (um), LENS_HEIGHT (um), PDMS_CHAN_LENS (um), PDMS_LENS_DET (um), DET_RAD (um), BASENUMBEROFRAYS, NUMBEROFRAYS,  BASEFLUXDETECTED, FLUXDETECTED    
 2.1           , .00771757661, .000294 , 0    , 21360.54, 25          , 53.40136054421, 2                 , 20               , 15.625    , 0                   , 3              , 0                  , 3                 
 2.1           , .00854185387, .0003254, 0    , 19299.32, 25          , 48.24830977258, 2                 , 20               , 15.625    , 0                   , 5              , 0                  , 5                 
 2.1           , .00936613693, .0003568, 0    , 17600.89, 25          , 44.00224215246, 2                 , 20               , 15.625    , 0                   , 5              , 0                  , 5                 
 2.1           , .01019042637, .0003882, 0    , 16177.22, 25          , 40.44307058217, 2                 , 20               , 15.625    , 0                   , 7              , 0                  , 7                 
 2.1           , .01101472272, .0004196, 0    , 14966.63, 25          , 37.41658722592, 2                 , 20               , 15.625    , 0                   , 4              , 0                  , 4                 
 2.1           , .01183902656, .000451 , 0    , 13924.61, 25          , 34.81152993348, 2                 , 20               , 15.625    , 0                   , 4              , 0                  , 4                 
 2.1           , .01266333844, .0004824, 0    , 13018.24, 25          , 32.54560530679, 2                 , 20               , 15.625    , 0                   , 7              , 0                  , 7                 
 2.1           , .01348765893, .0005138, 0    , 12222.65, 25          , 30.55663682366, 2                 , 20               , 15.625    , 0                   , 4              , 0                  , 4                 
 2.1           , .01431198859, .0005452, 0    , 11518.7 , 25          , 28.79677182685, 2                 , 20               , 15.625    , 0                   , 9              , 0                  , 9                 
 2.1           , .01513632797, .0005766, 0    , 10891.43, 25          , 27.22858133888, 2                 , 20               , 15.625    , 0                   , 10             , 0                  , 10                
 2.1           , .01596067763, .000608 , 0    , 10328.94, 25          , 25.82236842105, 2                 , 20               , 15.625    , 0                   , 10             , 0                  , 10                
 2.1           , .00771757661, .000294 , 0    , 21360.54, 25          , 53.40136054421, 2                 , 20               , 15.625    , 0                   , 3              , 0                  , 3                 
 EM_WAVE,.59       ,AIR_GAP, 2          
          
 description: 2/6/15, http://fp.optics.arizona.edu/Nofziger/OPTI%20202L/MG%20Gradient-Index_lenses.pdf
 N_LENS_CORE, ANGLE (rad), SQRTA, A0, PITCH (um), LENS_DIA (um), LENS_HEIGHT (um), PDMS_CHAN_LENS (um), PDMS_LENS_DET (um), DET_RAD (um), BASENUMBEROFRAYS, NUMBEROFRAYS,  BASEFLUXDETECTED, FLUXDETECTED    
 2.1           , .00771757661, .000294 , 0    , 21360.54, 25          , 53.40136054421, 2                 , 20               , 15.625    , 8                   , 60             , .800000000000000044, 6                 
 2.1           , .00854185387, .0003254, 0    , 19299.32, 25          , 48.24830977258, 2                 , 20               , 15.625    , 10                  , 64             , .999999900000000052, 6.4000000000000003
 2.1           , .00936613693, .0003568, 0    , 17600.89, 25          , 44.00224215246, 2                 , 20               , 15.625    , 9                   , 55             , .899999899999999963, 5.5               
 2.1           , .01019042637, .0003882, 0    , 16177.22, 25          , 40.44307058217, 2                 , 20               , 15.625    , 9                   , 66             , .899999899999999963, 6.5999999999999996
 2.1           , .01101472272, .0004196, 0    , 14966.63, 25          , 37.41658722592, 2                 , 20               , 15.625    , 8                   , 70             , .800000000000000044, 7                 
 2.1           , .01183902656, .000451 , 0    , 13924.61, 25          , 34.81152993348, 2                 , 20               , 15.625    , 9                   , 60             , .899999899999999963, 6                 
 2.1           , .01266333844, .0004824, 0    , 13018.24, 25          , 32.54560530679, 2                 , 20               , 15.625    , 9                   , 65             , .899999899999999963, 6.5               
 2.1           , .01348765893, .0005138, 0    , 12222.65, 25          , 30.55663682366, 2                 , 20               , 15.625    , 9                   , 63             , .899999899999999963, 6.2999999999999998
 2.1           , .01431198859, .0005452, 0    , 11518.7 , 25          , 28.79677182685, 2                 , 20               , 15.625    , 10                  , 65             , .999999900000000052, 6.5               
 2.1           , .01513632797, .0005766, 0    , 10891.43, 25          , 27.22858133888, 2                 , 20               , 15.625    , 11                  , 61             , 1.10000000000000008, 6.0999999999999996
 2.1           , .01596067763, .000608 , 0    , 10328.94, 25          , 25.82236842105, 2                 , 20               , 15.625    , 12                  , 61             , 1.19999999999999995, 6.0999999999999996
 2.1           , .00936613693, .0003568, 0    , 17600.89, 25          , 44.00224215246, 2                 , 20               , 15.625    , 9                   , 55             , .899999899999999963, 5.5               
 EM_WAVE,.59       ,AIR_GAP, 2          
          
 description: 2/6/15, http://fp.optics.arizona.edu/Nofziger/OPTI%20202L/MG%20Gradient-Index_lenses.pdf
 N_LENS_CORE, ANGLE (rad), SQRTA, A0, PITCH (um), LENS_DIA (um), LENS_HEIGHT (um), PDMS_CHAN_LENS (um), PDMS_LENS_DET (um), DET_RAD (um), BASENUMBEROFRAYS, NUMBEROFRAYS,  BASEFLUXDETECTED, FLUXDETECTED    
 1.7           , .00624754064, .000294 , 0    , 21360.54, 25          , 53.40136054421, 2                 , 20               , 15.625    , 8                   , 69             , .800000000000000044, 6.9000000000000003
 1.7           , .00691480510, .0003254, 0    , 19299.32, 25          , 48.24830977258, 2                 , 20               , 15.625    , 10                  , 58             , .999999900000000052, 5.7999999999999998
 1.7           , .00758207264, .0003568, 0    , 17600.89, 25          , 44.00224215246, 2                 , 20               , 15.625    , 9                   , 55             , .899999899999999963, 5.5               
 1.7           , .00824934356, .0003882, 0    , 16177.22, 25          , 40.44307058217, 2                 , 20               , 15.625    , 9                   , 68             , .899999899999999963, 6.7999999999999998
 1.7           , .00891661815, .0004196, 0    , 14966.63, 25          , 37.41658722592, 2                 , 20               , 15.625    , 8                   , 61             , .800000000000000044, 6.0999999999999996
 1.7           , .00958389671, .000451 , 0    , 13924.61, 25          , 34.81152993348, 2                 , 20               , 15.625    , 9                   , 56             , .899999899999999963, 5.5999999999999996
 1.7           , .01025117954, .0004824, 0    , 13018.24, 25          , 32.54560530679, 2                 , 20               , 15.625    , 9                   , 61             , .899999899999999963, 6.0999999999999996
 1.7           , .01091846693, .0005138, 0    , 12222.65, 25          , 30.55663682366, 2                 , 20               , 15.625    , 9                   , 61             , .899999899999999963, 6.0999999999999996
 1.7           , .01158575919, .0005452, 0    , 11518.7 , 25          , 28.79677182685, 2                 , 20               , 15.625    , 10                  , 64             , .999999900000000052, 6.4000000000000003
 1.7           , .01225305660, .0005766, 0    , 10891.43, 25          , 27.22858133888, 2                 , 20               , 15.625    , 11                  , 62             , 1.10000000000000008, 6.2000000000000001
 1.7           , .01292035947, .000608 , 0    , 10328.94, 25          , 25.82236842105, 2                 , 20               , 15.625    , 12                  , 60             , 1.19999999999999995, 6                 
 1.7           , .00758207264, .0003568, 0    , 17600.89, 25          , 44.00224215246, 2                 , 20               , 15.625    , 9                   , 55             , .899999899999999963, 5.5               
 EM_WAVE,.59       ,AIR_GAP, 2          
          
 description: 2/6/15, http://fp.optics.arizona.edu/Nofziger/OPTI%20202L/MG%20Gradient-Index_lenses.pdf
 N_LENS_CORE, ANGLE (rad), SQRTA, A0, PITCH (um), LENS_DIA (um), LENS_HEIGHT (um), PDMS_CHAN_LENS (um), PDMS_LENS_DET (um), DET_RAD (um), BASENUMBEROFRAYS, NUMBEROFRAYS,  BASEFLUXDETECTED, FLUXDETECTED    
 1.5           , .00551252791, .000294 , 0    , 21360.54, 25          , 53.40136054421, 2                 , 20               , 15.625    , 8                   , 30             , .800000000000000044, 3                 
 1.56          , .00573303140, .000294 , 0    , 21360.54, 25          , 53.40136054421, 2                 , 20               , 15.625    , 8                   , 49             , .800000000000000044, 4.9000000000000003
 1.62          , .00595353517, .000294 , 0    , 21360.54, 25          , 53.40136054421, 2                 , 20               , 15.625    , 8                   , 52             , .800000000000000044, 5.2000000000000001
 1.68          , .00617403922, .000294 , 0    , 21360.54, 25          , 53.40136054421, 2                 , 20               , 15.625    , 8                   , 66             , .800000000000000044, 6.5999999999999996
 1.74          , .00639454357, .000294 , 0    , 21360.54, 25          , 53.40136054421, 2                 , 20               , 15.625    , 8                   , 61             , .800000000000000044, 6.0999999999999996
 1.8           , .00661504824, .000294 , 0    , 21360.54, 25          , 53.40136054421, 2                 , 20               , 15.625    , 8                   , 55             , .800000000000000044, 5.5               
 1.86          , .00683555323, .000294 , 0    , 21360.54, 25          , 53.40136054421, 2                 , 20               , 15.625    , 8                   , 52             , .800000000000000044, 5.2000000000000001
 1.92          , .00705605855, .000294 , 0    , 21360.54, 25          , 53.40136054421, 2                 , 20               , 15.625    , 8                   , 54             , .800000000000000044, 5.4000000000000003
 1.98          , .00727656421, .000294 , 0    , 21360.54, 25          , 53.40136054421, 2                 , 20               , 15.625    , 8                   , 52             , .800000000000000044, 5.2000000000000001
 2.04          , .00749707023, .000294 , 0    , 21360.54, 25          , 53.40136054421, 2                 , 20               , 15.625    , 8                   , 59             , .800000000000000044, 5.9000000000000003
 2.1           , .00771757661, .000294 , 0    , 21360.54, 25          , 53.40136054421, 2                 , 20               , 15.625    , 8                   , 60             , .800000000000000044, 6                 
 1.5           , .00551252791, .000294 , 0    , 21360.54, 25          , 53.40136054421, 2                 , 20               , 15.625    , 8                   , 30             , .800000000000000044, 3                 
 EM_WAVE,.59       ,AIR_GAP, 2          
          
 description: 2/6/15, http://fp.optics.arizona.edu/Nofziger/OPTI%20202L/MG%20Gradient-Index_lenses.pdf
 N_LENS_CORE, ANGLE (rad), SQRTA, A0, PITCH (um), LENS_DIA (um), LENS_HEIGHT (um), PDMS_CHAN_LENS (um), PDMS_LENS_DET (um), DET_RAD (um), BASENUMBEROFRAYS, NUMBEROFRAYS,  BASEFLUXDETECTED, FLUXDETECTED    
 1.75          , .00643129433, .000294 , 0    , 21360.54, 25          , 53.40136054421, 2                 , 1                , 15.625    , 8                   , 92             , .800000000000000044, 9.199999          
 1.75          , .00643129433, .000294 , 0    , 21360.54, 25          , 53.40136054421, 2                 , 11               , 15.625    , 8                   , 77             , .800000000000000044, 7.7000000000000001
 1.75          , .00643129433, .000294 , 0    , 21360.54, 25          , 53.40136054421, 2                 , 21               , 15.625    , 9                   , 57             , .899999899999999963, 5.7000000000000001
 1.75          , .00643129433, .000294 , 0    , 21360.54, 25          , 53.40136054421, 2                 , 31               , 15.625    , 5                   , 37             , .5                 , 3.7000000000000001
 1.75          , .00643129433, .000294 , 0    , 21360.54, 25          , 53.40136054421, 2                 , 41               , 15.625    , 4                   , 21             , .400000000000000022, 2.1               
 1.75          , .00643129433, .000294 , 0    , 21360.54, 25          , 53.40136054421, 2                 , 51               , 15.625    , 4                   , 23             , .400000000000000022, 2.2999999999999998
 1.75          , .00643129433, .000294 , 0    , 21360.54, 25          , 53.40136054421, 2                 , 61               , 15.625    , 3                   , 21             , .299999999999999988, 2.1               
 1.75          , .00643129433, .000294 , 0    , 21360.54, 25          , 53.40136054421, 2                 , 71               , 15.625    , 4                   , 13             , .400000000000000022, 1.3               
 1.75          , .00643129433, .000294 , 0    , 21360.54, 25          , 53.40136054421, 2                 , 81               , 15.625    , 4                   , 9              , .400000000000000022, .89999989999999996
 1.75          , .00643129433, .000294 , 0    , 21360.54, 25          , 53.40136054421, 2                 , 91               , 15.625    , 4                   , 6              , .400000000000000022, .59999999999999997
 1.75          , .00643129433, .000294 , 0    , 21360.54, 25          , 53.40136054421, 2                 , 101              , 15.625    , 3                   , 7              , .299999999999999988, .69999999999999995
 1.75          , .00643129433, .000294 , 0    , 21360.54, 25          , 53.40136054421, 2                 , 91               , 15.625    , 4                   , 6              , .400000000000000022, .59999999999999997
 EM_WAVE,.59       ,AIR_GAP, 2          
          
 description: 2/6/15, http://fp.optics.arizona.edu/Nofziger/OPTI%20202L/MG%20Gradient-Index_lenses.pdf
 N_LENS_CORE, ANGLE (rad), SQRTA, A0, PITCH (um), LENS_DIA (um), LENS_HEIGHT (um), PDMS_CHAN_LENS (um), PDMS_LENS_DET (um), DET_RAD (um), BASENUMBEROFRAYS, NUMBEROFRAYS,  BASEFLUXDETECTED, FLUXDETECTED    
 1.75          , .00643129433, .000294 , 0    , 21360.54, 25          , 53.40136054421, 1                 , 1                , 15.625    , 7                   , 109            , .699999999999999955, 10.9              
 1.75          , .00643129433, .000294 , 0    , 21360.54, 25          , 53.40136054421, 11                , 1                , 15.625    , 9                   , 75             , .899999899999999963, 7.5               
 1.75          , .00643129433, .000294 , 0    , 21360.54, 25          , 53.40136054421, 21                , 1                , 15.625    , 8                   , 33             , .800000000000000044, 3.2999999999999998
 1.75          , .00643129433, .000294 , 0    , 21360.54, 25          , 53.40136054421, 31                , 1                , 15.625    , 5                   , 20             , .5                 , 2                 
 1.75          , .00643129433, .000294 , 0    , 21360.54, 25          , 53.40136054421, 41                , 1                , 15.625    , 3                   , 14             , .299999999999999988, 1.3999999999999999
 1.75          , .00643129433, .000294 , 0    , 21360.54, 25          , 53.40136054421, 51                , 1                , 15.625    , 4                   , 13             , .400000000000000022, 1.3               
 1.75          , .00643129433, .000294 , 0    , 21360.54, 25          , 53.40136054421, 61                , 1                , 15.625    , 4                   , 4              , .400000000000000022, .40000000000000002
 1.75          , .00643129433, .000294 , 0    , 21360.54, 25          , 53.40136054421, 71                , 1                , 15.625    , 4                   , 7              , .400000000000000022, .69999999999999995
 1.75          , .00643129433, .000294 , 0    , 21360.54, 25          , 53.40136054421, 81                , 1                , 15.625    , 4                   , 3              , .400000000000000022, .29999999999999998
 1.75          , .00643129433, .000294 , 0    , 21360.54, 25          , 53.40136054421, 91                , 1                , 15.625    , 4                   , 3              , .400000000000000022, .29999999999999998
 1.75          , .00643129433, .000294 , 0    , 21360.54, 25          , 53.40136054421, 101               , 1                , 15.625    , 2                   , 1              , .200000000000000011, .09999998999999999
 1.75          , .00643129433, .000294 , 0    , 21360.54, 25          , 53.40136054421, 101               , 1                , 15.625    , 2                   , 1              , .200000000000000011, .09999998999999999
 EM_WAVE,.59       ,AIR_GAP, 2          
          
 description: 2/6/15, http://fp.optics.arizona.edu/Nofziger/OPTI%20202L/MG%20Gradient-Index_lenses.pdf
 N_LENS_CORE, ANGLE (rad), SQRTA, A0, PITCH (um), LENS_DIA (um), LENS_HEIGHT (um), PDMS_CHAN_LENS (um), PDMS_LENS_DET (um), DET_RAD (um), BASENUMBEROFRAYS, NUMBEROFRAYS,  BASEFLUXDETECTED, FLUXDETECTED    
 1.75          , .00514502269, .000294 , 0    , 21360.54, 20          , 53.40136054421, 1                 , 1                , 12.5      , 7                   , 78             , .699999999999999955, 7.7999999999999998
 1.75          , .00771757661, .000294 , 0    , 21360.54, 30          , 53.40136054421, 1                 , 1                , 18.75     , 12                  , 135            , 1.19999999999999995, 13.5              
 1.75          , .0102901816 , .000294 , 0    , 21360.54, 40          , 53.40136054421, 1                 , 1                , 25        , 21                  , 151            , 2.10000000000000008, 15.099999999999999
 1.75          , .01286285469, .000294 , 0    , 21360.54, 50          , 53.40136054421, 1                 , 1                , 31.25     , 32                  , 157            , 3.20000000000000017, 15.699999999999999
 1.75          , .01543561293, .000294 , 0    , 21360.54, 60          , 53.40136054421, 1                 , 1                , 37.5      , 50                  , 168            , 5                  , 16.8              
 1.75          , .01800847335, .000294 , 0    , 21360.54, 70          , 53.40136054421, 1                 , 1                , 43.75     , 68                  , 176            , 6.79999999999999982, 17.600000000000001
 1.75          , .02058145300, .000294 , 0    , 21360.54, 80          , 53.40136054421, 1                 , 1                , 50        , 88                  , 187            , 8.79999899999999968, 18.699999999999999
 1.75          , .02315456893, .000294 , 0    , 21360.54, 90          , 53.40136054421, 1                 , 1                , 56.25     , 103                 , 198            , 10.3000000000000007, 19.8              
 1.75          , .02572783820, .000294 , 0    , 21360.54, 100         , 53.40136054421, 1                 , 1                , 62.5      , 112                 , 201            , 11.1999999999999992, 20.100000000000001
 1.75          , .02830127789, .000294 , 0    , 21360.54, 110         , 53.40136054421, 1                 , 1                , 68.75     , 123                 , 220            , 12.3000000000000007, 22                
 1.75          , .03087490506, .000294 , 0    , 21360.54, 120         , 53.40136054421, 1                 , 1                , 75        , 131                 , 210            , 13.0999999999999996, 21                
 1.75          , .00514502269, .000294 , 0    , 21360.54, 20          , 53.40136054421, 1                 , 1                , 12.5      , 7                   , 78             , .699999999999999955, 7.7999999999999998
 EM_WAVE,.59       ,AIR_GAP, 2          
          
 description: 2/6/15, http://fp.optics.arizona.edu/Nofziger/OPTI%20202L/MG%20Gradient-Index_lenses.pdf
 N_LENS_CORE, ANGLE (rad), SQRTA, A0, PITCH (um), LENS_DIA (um), LENS_HEIGHT (um), PDMS_CHAN_LENS (um), PDMS_LENS_DET (um), DET_RAD (um), BASENUMBEROFRAYS, NUMBEROFRAYS,  BASEFLUXDETECTED, FLUXDETECTED    
 1.75          , .01286285469, .000294 , 0    , 21360.54, 50          , 32.04081632653, 1                 , 1                , 31.25     , 71                  , 143            , 7.09999999999999964, 14.3              
 1.75          , .01286285469, .000294 , 0    , 21360.54, 50          , 42.72108843537, 1                 , 1                , 31.25     , 50                  , 142            , 5                  , 14.199999999999999
 1.75          , .01286285469, .000294 , 0    , 21360.54, 50          , 53.40136054421, 1                 , 1                , 31.25     , 32                  , 157            , 3.20000000000000017, 15.699999999999999
 1.75          , .01286285469, .000294 , 0    , 21360.54, 50          , 64.08163265306, 1                 , 1                , 31.25     , 26                  , 134            , 2.60000000000000008, 13.4              
 1.75          , .01286285469, .000294 , 0    , 21360.54, 50          , 74.7619047619 , 1                 , 1                , 31.25     , 20                  , 156            , 2                  , 15.599999999999999
 1.75          , .01286285469, .000294 , 0    , 21360.54, 50          , 85.44217687074, 1                 , 1                , 31.25     , 16                  , 150            , 1.60000000000000008, 15                
 1.75          , .01286285469, .000294 , 0    , 21360.54, 50          , 96.12244897959, 1                 , 1                , 31.25     , 12                  , 133            , 1.19999999999999995, 13.3              
 1.75          , .01286285469, .000294 , 0    , 21360.54, 50          , 106.8027210884, 1                 , 1                , 31.25     , 11                  , 148            , 1.10000000000000008, 14.8              
 1.75          , .01286285469, .000294 , 0    , 21360.54, 50          , 96.12244897959, 1                 , 1                , 31.25     , 12                  , 133            , 1.19999999999999995, 13.3              
 EM_WAVE,.59       ,AIR_GAP, 2          
          
 description: 2/6/15, http://fp.optics.arizona.edu/Nofziger/OPTI%20202L/MG%20Gradient-Index_lenses.pdf
 N_LENS_CORE, ANGLE (rad), SQRTA, A0, PITCH (um), LENS_DIA (um), LENS_HEIGHT (um), PDMS_CHAN_LENS (um), PDMS_LENS_DET (um), DET_RAD (um), BASENUMBEROFRAYS, NUMBEROFRAYS,  BASEFLUXDETECTED, FLUXDETECTED    
 1.75          , .01286285469, .000294 , 0    , 21360.54, 50          , 42.72108843537, 1                 , 1                , 31.25     , 50                  , 142            , 5                  , 14.199999999999999
 1.75          , .01286285469, .000294 , 0    , 21360.54, 50          , 44.85714285714, 1                 , 1                , 31.25     , 52                  , 145            , 5.20000000000000017, 14.5              
 1.75          , .01286285469, .000294 , 0    , 21360.54, 50          , 46.99319727891, 1                 , 1                , 31.25     , 47                  , 146            , 4.70000000000000017, 14.599999999999999
 1.75          , .01286285469, .000294 , 0    , 21360.54, 50          , 49.12925170068, 1                 , 1                , 31.25     , 46                  , 143            , 4.59999999999999964, 14.3              
 1.75          , .01286285469, .000294 , 0    , 21360.54, 50          , 51.26530612244, 1                 , 1                , 31.25     , 39                  , 129            , 3.89999999999999991, 12.9              
 1.75          , .01286285469, .000294 , 0    , 21360.54, 50          , 53.40136054421, 1                 , 1                , 31.25     , 32                  , 157            , 3.20000000000000017, 15.699999999999999
 1.75          , .01286285469, .000294 , 0    , 21360.54, 50          , 55.53741496598, 1                 , 1                , 31.25     , 31                  , 153            , 3.10000000000000008, 15.3              
 1.75          , .01286285469, .000294 , 0    , 21360.54, 50          , 57.67346938775, 1                 , 1                , 31.25     , 31                  , 153            , 3.10000000000000008, 15.3              
 1.75          , .01286285469, .000294 , 0    , 21360.54, 50          , 59.80952380952, 1                 , 1                , 31.25     , 31                  , 155            , 3.10000000000000008, 15.5              
 1.75          , .01286285469, .000294 , 0    , 21360.54, 50          , 61.94557823129, 1                 , 1                , 31.25     , 26                  , 144            , 2.60000000000000008, 14.4              
 1.75          , .01286285469, .000294 , 0    , 21360.54, 50          , 64.08163265306, 1                 , 1                , 31.25     , 26                  , 134            , 2.60000000000000008, 13.4              
 1.75          , .01286285469, .000294 , 0    , 21360.54, 50          , 51.26530612244, 1                 , 1                , 31.25     , 39                  , 129            , 3.89999999999999991, 12.9              
 EM_WAVE,.59       ,AIR_GAP, 2          
          
